API,Description,Auth,HTTPS,Cors,Link,Category
Cat Facts,Daily cat facts,,True,no,https://alexwohlbruck.github.io/cat-facts/,Animals
Cats,Pictures of cats from Tumblr,apiKey,True,unknown,https://docs.thecatapi.com/,Animals
Dogs,Based on the Stanford Dogs Dataset,,True,yes,https://dog.ceo/dog-api/,Animals
HTTPCat,Cat for every HTTP Status,,True,unknown,https://http.cat/,Animals
IUCN,IUCN Red List of Threatened Species,apiKey,False,unknown,http://apiv3.iucnredlist.org/api/v3/docs,Animals
Movebank,Movement and Migration data of animals,,True,unknown,https://github.com/movebank/movebank-api-doc,Animals
Petfinder,Adoption,OAuth,True,yes,https://www.petfinder.com/developers/v2/docs/,Animals
PlaceGOAT,Placeholder goat images,,True,unknown,https://placegoat.com/,Animals
RandomCat,Random pictures of cats,,True,yes,https://aws.random.cat/meow,Animals
RandomDog,Random pictures of dogs,,True,yes,https://random.dog/woof.json,Animals
RandomFox,Random pictures of foxes,,True,no,https://randomfox.ca/floof/,Animals
RescueGroups,Adoption,,True,unknown,https://userguide.rescuegroups.org/display/APIDG/API+Developers+Guide+Home,Animals
Shibe.Online,"Random pictures of Shibu Inu, cats or birds",,True,yes,http://shibe.online/,Animals
AniList,Anime discovery & tracking,OAuth,True,unknown,https://github.com/AniList/ApiV2-GraphQL-Docs,Anime
AnimeNewsNetwork,Anime industry news,,True,yes,https://www.animenewsnetwork.com/encyclopedia/api.php,Anime
Jikan,Unofficial MyAnimeList API,,True,yes,https://jikan.moe,Anime
Kitsu,Anime discovery platform,OAuth,True,unknown,http://docs.kitsu.apiary.io/,Anime
Studio Ghibli,Resources from Studio Ghibli films,,True,unknown,https://ghibliapi.herokuapp.com,Anime
AbuseIPDB,IP/domain/URL reputation,apiKey,True,unknown,https://docs.abuseipdb.com/,Anti-Malware
AlienVault Open Threat Exchange (OTX),IP/domain/URL reputation,apiKey,True,unknown,https://otx.alienvault.com/api/,Anti-Malware
Google Safe Browsing,Google Link/Domain Flagging,apiKey,True,unknown,https://developers.google.com/safe-browsing/,Anti-Malware
Metacert,Metacert Link Flagging,apiKey,True,unknown,https://metacert.com/,Anti-Malware
VirusTotal,VirusTotal File/URL Analysis,apiKey,True,unknown,https://www.virustotal.com/en/documentation/public-api/,Anti-Malware
Web Of Trust (WOT),Website reputation,apiKey,True,unknown,https://www.mywot.com/en/API,Anti-Malware
Behance,Design,apiKey,True,unknown,https://www.behance.net/dev,Art & Design
Cooper Hewitt,Smithsonian Design Museum,apiKey,True,unknown,https://collection.cooperhewitt.org/api,Art & Design
Dribbble,Design,OAuth,False,unknown,http://developer.dribbble.com/v2/,Art & Design
Harvard Art Museums,Art,apiKey,False,unknown,https://github.com/harvardartmuseums/api-docs,Art & Design
Iconfinder,Icons,apiKey,True,unknown,https://developer.iconfinder.com,Art & Design
Icons8,Icons,OAuth,True,unknown,http://docs.icons8.apiary.io/#reference/0/meta,Art & Design
Noun Project,Icons,OAuth,False,unknown,http://api.thenounproject.com/index.html,Art & Design
Rijksmuseum,Art,apiKey,True,unknown,https://www.rijksmuseum.nl/en/api,Art & Design
Bhagavad Gita,Bhagavad Gita text,OAuth,True,yes,https://bhagavadgita.io/api,Books
British National Bibliography,Books,,False,unknown,http://bnb.data.bl.uk/,Books
Goodreads,Books,apiKey,True,unknown,https://www.goodreads.com/api,Books
Google Books,Books,OAuth,True,unknown,https://developers.google.com/books/,Books
LibGen,Library Genesis search engine,,False,unknown,http://garbage.world/posts/libgen/,Books
Open Library,"Books, book covers and related data",,True,unknown,https://openlibrary.org/developers/api,Books
Penguin Publishing,"Books, book covers and related data",,True,unknown,http://www.penguinrandomhouse.biz/webservices/rest/,Books
Charity Search,Non-profit charity data,apiKey,False,unknown,http://charityapi.orghunter.com/,Business
Clearbit Logo,Search for company logos and embed them in your projects,apiKey,True,unknown,https://clearbit.com/docs#logo-api,Business
Domainsdb.info,Registered Domain Names Search,,True,unknown,https://domainsdb.info/,Business
Freelancer,Hire freelancers to get work done,OAuth,True,unknown,https://developers.freelancer.com,Business
Gmail,"Flexible, RESTful access to the user's inbox",OAuth,True,unknown,https://developers.google.com/gmail/api/,Business
Google Analytics,"Collect, configure and analyze your data to reach the right audience",OAuth,True,unknown,https://developers.google.com/analytics/,Business
MailboxValidator,Validate email address to improve deliverability,apiKey,True,unknown,https://www.mailboxvalidator.com/api-single-validation,Business
mailgun,Email Service,apiKey,True,unknown,https://www.mailgun.com/,Business
markerapi,Trademark Search,,False,unknown,http://www.markerapi.com/,Business
Ticksel,Friendly website analytics made for humans,,True,unknown,https://ticksel.com,Business
Trello,"Boards, lists and cards to help you organize and prioritize your projects",OAuth,True,unknown,https://developers.trello.com/,Business
Calendar Index,Worldwide Holidays and Working Days,apiKey,True,yes,https://www.calendarindex.com/,Calendar
Church Calendar,Catholic liturgical calendar,,False,unknown,http://calapi.inadiutorium.cz/,Calendar
Czech Namedays Calendar,Lookup for a name and returns nameday date,,False,unknown,http://svatky.adresa.info/,Calendar
Google Calendar,"Display, create and modify Google calendar events",OAuth,True,unknown,https://developers.google.com/google-apps/calendar/,Calendar
Hebrew Calendar,"Convert between Gregorian and Hebrew, fetch Shabbat and Holiday times, etc",,False,unknown,https://www.hebcal.com/home/developer-apis,Calendar
Holidays,Historical data regarding holidays,apiKey,True,unknown,https://holidayapi.com/,Calendar
LectServe,Protestant liturgical calendar,,False,unknown,http://www.lectserve.com,Calendar
Nager.Date,Public holidays for more than 90 countries,,True,no,https://date.nager.at,Calendar
Namedays Calendar,Provides namedays for multiple countries,,True,yes,https://api.abalin.net/,Calendar
Non-Working Days,Database of ICS files for non working days,,True,unknown,https://github.com/gadael/icsdb,Calendar
Russian Calendar,Check if a date is a Russian holiday or not,,True,no,https://github.com/egno/work-calendar,Calendar
Box,File Sharing and Storage,OAuth,True,unknown,https://developer.box.com/,Cloud Storage & File Sharing
Dropbox,File Sharing and Storage,OAuth,True,unknown,https://www.dropbox.com/developers,Cloud Storage & File Sharing
Google Drive,File Sharing and Storage,OAuth,True,unknown,https://developers.google.com/drive/,Cloud Storage & File Sharing
OneDrive,File Sharing and Storage,OAuth,True,unknown,https://dev.onedrive.com/,Cloud Storage & File Sharing
Pastebin,Plain Text Storage,apiKey,True,unknown,https://pastebin.com/api/,Cloud Storage & File Sharing
Temporal,IPFS based file storage and sharing with optional IPNS naming,apiKey,True,no,https://gateway.temporal.cloud/ipns/docs.api.temporal.cloud,Cloud Storage & File Sharing
WeTransfer,File Sharing,apiKey,True,yes,https://developers.wetransfer.com,Cloud Storage & File Sharing
CircleCI,Automate the software development process using continuous integration and continuous delivery,apiKey,True,unknown,https://circleci.com/docs/api/v1-reference/,Continuous Integration
Codeship,Codeship is a Continuous Integration Platform in the cloud,apiKey,True,unknown,https://apidocs.codeship.com/,Continuous Integration
Travis CI,Sync your GitHub projects with Travis CI to test your code in minutes,apiKey,True,unknown,https://docs.travis-ci.com/api/,Continuous Integration
Binance,Exchange for Trading Cryptocurrencies based in China,apiKey,True,unknown,https://github.com/binance-exchange/binance-official-api-docs,Cryptocurrency
BitcoinAverage,Digital Asset Price Data for the blockchain industry,apiKey,True,unknown,https://apiv2.bitcoinaverage.com/,Cryptocurrency
BitcoinCharts,Financial and Technical Data related to the Bitcoin Network,,True,unknown,https://bitcoincharts.com/about/exchanges/,Cryptocurrency
Bitfinex,Cryptocurrency Trading Platform,apiKey,True,unknown,https://docs.bitfinex.com/docs,Cryptocurrency
Bitmex,Real-Time Cryptocurrency derivatives trading platform based in Hong Kong,apiKey,True,unknown,https://www.bitmex.com/app/apiOverview,Cryptocurrency
Bittrex,Next Generation Crypto Trading Platform,apiKey,True,unknown,https://bittrex.com/Home/Api,Cryptocurrency
Block,"Bitcoin Payment, Wallet & Transaction Data",apiKey,True,unknown,https://www.block.io/docs/basic,Cryptocurrency
Blockchain,"Bitcoin Payment, Wallet & Transaction Data",,True,unknown,https://www.blockchain.info/api,Cryptocurrency
CoinAPI,All Currency Exchanges integrate under a single api,apiKey,True,no,https://docs.coinapi.io/,Cryptocurrency
Coinbase,"Bitcoin, Bitcoin Cash, Litecoin and Ethereum Prices",apiKey,True,unknown,https://developers.coinbase.com,Cryptocurrency
Coinbase Pro,Cryptocurrency Trading Platform,apiKey,True,unknown,https://docs.pro.coinbase.com/#api,Cryptocurrency
CoinDesk,Bitcoin Price Index,,False,unknown,http://www.coindesk.com/api/,Cryptocurrency
CoinGecko,"Cryptocurrency Price, Market, and Developer/Social Data",,True,yes,http://www.coingecko.com/api,Cryptocurrency
Coinigy,Interacting with Coinigy Accounts and Exchange Directly,apiKey,True,unknown,https://coinigy.docs.apiary.io,Cryptocurrency
CoinLayer,Real-time Crypto Currency Exchange Rates,apiKey,True,unknown,https://coinlayer.com,Cryptocurrency
Coinlib,Crypto Currency Prices,apiKey,True,unknown,https://coinlib.io/apidocs,Cryptocurrency
Coinlore,"Cryptocurrencies prices, volume and more",,True,unknown,https://www.coinlore.com/cryptocurrency-data-api,Cryptocurrency
CoinMarketCap,Cryptocurrencies Prices,apiKey,True,unknown,https://coinmarketcap.com/api/,Cryptocurrency
Coinpaprika,"Cryptocurrencies prices, volume and more",,True,yes,https://api.coinpaprika.com,Cryptocurrency
CoinRanking,Live Cryptocurrency data,,True,unknown,https://docs.coinranking.com/,Cryptocurrency
CryptoCompare,Cryptocurrencies Comparison,,True,unknown,https://www.cryptocompare.com/api#,Cryptocurrency
Cryptonator,Cryptocurrencies Exchange Rates,,True,unknown,https://www.cryptonator.com/api/,Cryptocurrency
Gemini,Cryptocurrencies Exchange,,True,unknown,https://docs.gemini.com/rest-api/,Cryptocurrency
ICObench,"Various information on listing, ratings, stats, and more",apiKey,True,unknown,https://icobench.com/developers,Cryptocurrency
Livecoin,Cryptocurrency Exchange,,True,unknown,https://www.livecoin.net/api,Cryptocurrency
MercadoBitcoin,Brazilian Cryptocurrency Information,,True,unknown,https://www.mercadobitcoin.net/api-doc/,Cryptocurrency
Nexchange,Automated cryptocurrency exchange service,,False,yes,https://nexchange2.docs.apiary.io/,Cryptocurrency
NiceHash,Largest Crypto Mining Marketplace,apiKey,True,unknown,https://docs.nicehash.com/,Cryptocurrency
Poloniex,US based digital asset exchange,apiKey,True,unknown,https://poloniex.com/support/api/,Cryptocurrency
WorldCoinIndex,Cryptocurrencies Prices,apiKey,True,unknown,https://www.worldcoinindex.com/apiservice,Cryptocurrency
1Forge,Forex currency market data,apiKey,True,unknown,https://1forge.com/forex-data-api/api-documentation,Currency Exchange
Currencylayer,Exchange rates and currency conversion,apiKey,True,unknown,https://currencylayer.com/documentation,Currency Exchange
Czech National Bank,A collection of exchange rates,,True,unknown,https://www.cnb.cz/cs/financni_trhy/devizovy_trh/kurzy_devizoveho_trhu/denni_kurz.xml,Currency Exchange
ExchangeRate-API,Free currency conversion,,True,yes,https://www.exchangerate-api.com,Currency Exchange
Exchangeratesapi.io,Exchange rates with currency conversion,,True,yes,https://exchangeratesapi.io,Currency Exchange
Fixer.io,Exchange rates and currency conversion,apiKey,True,unknown,http://fixer.io,Currency Exchange
Frankfurter,"Exchange rates, currency conversion and time series",,True,yes,https://www.frankfurter.app/docs,Currency Exchange
ratesapi,Free exchange rates and historical rates,,True,unknown,https://ratesapi.io,Currency Exchange
Cloudmersive Validate,"Validate email addresses, phone numbers, VAT numbers and domain names",apiKey,True,yes,https://cloudmersive.com/validate-api,Data Validation
languagelayer,Language detection,,True,unknown,https://languagelayer.com,Data Validation
Lob.com,US Address Verification,apiKey,True,unknown,https://lob.com/,Data Validation
mailboxlayer,Email address validation,,True,unknown,https://mailboxlayer.com,Data Validation
NumValidate,Open Source phone number validation,,True,unknown,https://numvalidate.com,Data Validation
numverify,Phone number validation,,True,unknown,https://numverify.com,Data Validation
PurgoMalum,Content validator against profanity & obscenity,,False,unknown,http://www.purgomalum.com,Data Validation
US Autocomplete,Enter address data quickly with real-time address suggestions,apiKey,True,yes,https://smartystreets.com/docs/cloud/us-autocomplete-api,Data Validation
US Extract,Extract postal addresses from any text including emails,apiKey,True,yes,https://smartystreets.com/products/apis/us-extract-api,Data Validation
US Street Address,Validate and append data for any US postal address,apiKey,True,yes,https://smartystreets.com/docs/cloud/us-street-api,Data Validation
vatlayer,VAT number validation,,True,unknown,https://vatlayer.com,Data Validation
24 Pull Requests,Project to promote open source collaboration during December,,True,yes,https://24pullrequests.com/api,Development
Agify.io,Estimates the age from a first name,,True,yes,https://agify.io,Development
ApiFlash,Chrome based screenshot API for developers,apiKey,True,unknown,https://apiflash.com/,Development
Apility.io,"IP, Domains and Emails anti-abuse API blocklist",,True,yes,https://apility.io/apidocs/,Development
APIs.guru,"Wikipedia for Web APIs, OpenAPI/Swagger specs for public APIs",,True,unknown,https://apis.guru/api-doc/,Development
BetterMeta,Return a site's meta tags in JSON format,X-Mashape-Key,True,unknown,http://bettermeta.io,Development
Bitbucket,Bitbucket API,OAuth,True,unknown,https://developer.atlassian.com/bitbucket/api/2/reference/,Development
Bored,Find random activities to fight boredom,,True,unknown,https://www.boredapi.com/,Development
Browshot,"Easily make screenshots of web pages in any screen size, as any device",apiKey,True,unknown,https://browshot.com/api/documentation,Development
CDNJS,Library info on CDNJS,,True,unknown,https://api.cdnjs.com/libraries/jquery,Development
Changelogs.md,Structured changelog metadata from open source projects,,True,unknown,https://changelogs.md,Development
CountAPI,Free and simple counting service. You can use it to track page hits and specific events,,True,yes,https://countapi.xyz,Development
DigitalOcean Status,Status of all DigitalOcean services,,True,unknown,https://status.digitalocean.com/api/v1,Development
DomainDb Info,Domain name search to find all domains containing particular words/phrases/etc,,True,unknown,https://domainsdb.info,Development
Faceplusplus,A tool to detect face,OAuth,True,unknown,https://www.faceplusplus.com/,Development
Genderize.io,Estimates a gender from a first name,,True,yes,https://genderize.io,Development
GitHub,"Make use of GitHub repositories, code and user info programmatically",OAuth,True,yes,https://developer.github.com/v3/,Development
Gitlab,Automate GitLab interaction programmatically,OAuth,True,unknown,https://docs.gitlab.com/ee/api/,Development
Gitter,Chat for Developers,OAuth,True,unknown,https://developer.gitter.im/docs/welcome,Development
HTTP2.Pro,Test endpoints for client and server HTTP/2 protocol support,,True,unknown,https://http2.pro/doc/api,Development
IBM Text to Speech,Convert text to speech,apiKey,True,yes,https://console.bluemix.net/docs/services/text-to-speech/getting-started.html,Development
import.io,Retrieve structured data from a website or RSS feed,apiKey,True,unknown,http://api.docs.import.io/,Development
IPify,A simple IP Address API,,True,unknown,https://www.ipify.org/,Development
IPinfo,Another simple IP Address API,,True,unknown,https://ipinfo.io/developers,Development
JSON 2 JSONP,Convert JSON to JSONP (on-the-fly) for easy cross-domain data requests using client-side JavaScript,,True,unknown,https://json2jsonp.com/,Development
JSONbin.io,"Free JSON storage service. Ideal for small scale Web apps, Websites and Mobile apps",apiKey,True,yes,https://jsonbin.io,Development
Judge0,Compile and run source code,,True,unknown,https://api.judge0.com/,Development
Let's Validate,Uncovers the technologies used on websites and URL to thumbnail,,True,unknown,https://github.com/letsvalidate/api,Development
License-API,Unofficial REST API for choosealicense.com,,True,no,https://github.com/cmccandless/license-api/blob/master/README.md,Development
MAC address vendor lookup,Retrieve vendor details and other information regarding a given MAC address or an OUI,apiKey,True,yes,https://macaddress.io,Development
Nationalize.io,Estimate the nationality of a first name,,True,yes,https://nationalize.io,Development
OOPSpam,Multiple spam filtering service,,True,yes,https://oopspam.com/,Development
Plino,Spam filtering system,,True,unknown,https://plino.herokuapp.com/,Development
Postman,Tool for testing APIs,apiKey,True,unknown,https://docs.api.getpostman.com/,Development
ProxyCrawl,Scraping and crawling anticaptcha service,apiKey,True,unknown,https://proxycrawl.com,Development
Public APIs,A collective list of free JSON APIs for use in web development,,True,unknown,https://github.com/davemachado/public-api,Development
Pusher Beams,Push notifications for Android & iOS,apiKey,True,unknown,https://pusher.com/beams,Development
QR code,Create an easy to read QR code and URL shortener,,True,yes,http://qrtag.net/api/,Development
QR code,Generate and decode / read QR code graphics,,True,unknown,http://goqr.me/api/,Development
QuickChart,Generate chart and graph images,,True,yes,https://quickchart.io/,Development
ReqRes,A hosted REST-API ready to respond to your AJAX requests,,True,unknown,https://reqres.in/ ,Development
ScraperApi,Easily build scalable web scrapers,apiKey,True,unknown,https://www.scraperapi.com,Development
ScreenshotAPI.net,Create pixel-perfect website screenshots,apiKey,True,yes,https://screenshotapi.net/,Development
SHOUTCLOUD,ALL-CAPS AS A SERVICE,,False,unknown,http://shoutcloud.io/,Development
StackExchange,Q&A forum for developers,OAuth,True,unknown,https://api.stackexchange.com/,Development
Lingua Robot,"Word definitions, pronunciations, synonyms, antonyms and others",apiKey,True,yes,https://www.linguarobot.io,Dictionaries
Merriam-Webster,Dictionary and Thesaurus Data,apiKey,True,unknown,https://dictionaryapi.com/,Dictionaries
OwlBot,Definitions with example sentence and photo if available,apiKey,True,yes,https://owlbot.info/,Dictionaries
Oxford,Dictionary Data,apiKey,True,no,https://developer.oxforddictionaries.com/,Dictionaries
Wordnik,Dictionary Data,apiKey,False,unknown,http://developer.wordnik.com,Dictionaries
Words,"Definitions and synonyms for more than 150,000 words",apiKey,True,unknown,https://www.wordsapi.com/,Dictionaries
Cloudmersive Document and Data Conversion,"HTML/URL to PDF/PNG, Office documents to PDF, image conversion",apiKey,True,yes,https://cloudmersive.com/convert-api,Documents & Productivity
File.io,File Sharing,,True,unknown,https://www.file.io,Documents & Productivity
Mercury,Web parser,apiKey,True,unknown,https://mercury.postlight.com/web-parser/,Documents & Productivity
pdflayer,HTML/URL to PDF,apiKey,True,unknown,https://pdflayer.com,Documents & Productivity
Pocket,Bookmarking service,OAuth,True,unknown,https://getpocket.com/developer/,Documents & Productivity
PrexView,"Data from XML or JSON to PDF, HTML or Image",apiKey,True,unknown,https://prexview.com,Documents & Productivity
Restpack,"Provides screenshot, HTML to PDF and content extraction APIs",apiKey,True,unknown,https://restpack.io/,Documents & Productivity
Todoist,Todo Lists,OAuth,True,unknown,https://developer.todoist.com,Documents & Productivity
Vector Express,Free vector file converting API,,False,yes,http://vector.express,Documents & Productivity
WakaTime,Automated time tracking leaderboards for programmers,,True,unknown,https://wakatime.com/developers,Documents & Productivity
Wunderlist,Todo Lists,OAuth,True,unknown,https://developer.wunderlist.com/documentation,Documents & Productivity
AirVisual,Air quality and weather data,apiKey,True,unknown,https://airvisual.com/api,Environment
GrünstromIndex,Green Power Index for Germany (Grünstromindex/GSI),,False,yes,https://www.corrently.de/hintergrund/gruenstromindex/index.html,Environment
OpenAQ,Open air quality data,apiKey,True,unknown,https://docs.openaq.org/,Environment
PM25.in,Air quality of China,apiKey,False,unknown,http://www.pm25.in/api_doc,Environment
PVWatts,Energy production photovoltaic (PV) energy systems,apiKey,True,unknown,https://developer.nrel.gov/docs/solar/pvwatts/v6/,Environment
UK Carbon Intensity,The Official Carbon Intensity API for Great Britain developed by National Grid,,True,unknown,https://carbon-intensity.github.io/api-definitions/#carbon-intensity-api-v1-0-0,Environment
Eventbrite,Find events,OAuth,True,unknown,https://www.eventbrite.com/developer/v3/,Events
Picatic,Sell tickets anywhere,apiKey,True,unknown,http://developer.picatic.com/?utm_medium=web&utm_source=github&utm_campaign=public-apis%20repo&utm_content=toddmotto,Events
Ticketmaster,"Search events, attractions, or venues",apiKey,True,unknown,http://developer.ticketmaster.com/products-and-docs/apis/getting-started/,Events
Alpha Vantage,Realtime and historical stock data,apiKey,True,unknown,https://www.alphavantage.co/,Finance
Barchart OnDemand,"Stock, Futures and Forex Market Data",apiKey,True,unknown,https://www.barchartondemand.com/free,Finance
IEX Cloud,Realtime & Historical Stock and Market Data,apiKey,True,yes,https://iexcloud.io/,Finance
IG,Spreadbetting and CFD Market Data,apiKey,True,unknown,https://labs.ig.com/gettingstarted,Finance
Plaid,Connect with users’ bank accounts and access transaction data,apiKey,True,unknown,https://plaid.com/,Finance
Razorpay IFSC,Indian Financial Systems Code (Bank Branch Codes),,True,unknown,https://ifsc.razorpay.com/,Finance
Tradier,"US equity/option market data (delayed, intraday, historical)",OAuth,True,yes,https://developer.tradier.com,Finance
YNAB,Budgeting & Planning,OAuth,True,yes,https://api.youneedabudget.com/,Finance
Edamam,Recipe Search,apiKey,True,unknown,https://developer.edamam.com/,Food & Drink
LCBO,Alcohol,apiKey,True,unknown,https://lcboapi.com/,Food & Drink
Open Brewery DB,"Breweries, Cideries and Craft Beer Bottle Shops",,True,yes,https://www.openbrewerydb.org,Food & Drink
Open Food Facts,Food Products Database,,True,unknown,https://world.openfoodfacts.org/data,Food & Drink
PunkAPI,Brewdog Beer Recipes,,True,unknown,https://punkapi.com/,Food & Drink
Recipe Puppy,Food,,False,unknown,http://www.recipepuppy.com/about/api/,Food & Drink
TacoFancy,Community-driven taco database,,False,unknown,https://github.com/evz/tacofancy-api,Food & Drink
The Report of the Week,Food & Drink Reviews,,True,unknown,https://github.com/andyklimczak/TheReportOfTheWeek-API,Food & Drink
TheCocktailDB,Cocktail Recipes,apiKey,True,yes,https://www.thecocktaildb.com/api.php,Food & Drink
TheMealDB,Meal Recipes,apiKey,True,yes,https://www.themealdb.com/api.php,Food & Drink
What's on the menu?,NYPL human-transcribed historical menu collection,apiKey,False,unknown,http://nypl.github.io/menus-api/,Food & Drink
Zomato,Discover restaurants,apiKey,True,unknown,https://developers.zomato.com/api,Food & Drink
Age of Empires II,Get information about Age of Empires II resources,,True,unknown,https://age-of-empires-2-api.herokuapp.com,Games & Comics
AmiiboAPI,Amiibo Information,,False,yes,http://www.amiiboapi.com/,Games & Comics
Battle.net,Blizzard Entertainment,apiKey,True,unknown,https://dev.battle.net/,Games & Comics
Chuck Norris Database,Jokes,,False,unknown,http://www.icndb.com/api/,Games & Comics
Clash of Clans,Clash of Clans Game Information,apiKey,True,unknown,https://developer.clashofclans.com,Games & Comics
Clash Royale,Clash Royale Game Information,apiKey,True,unknown,https://developer.clashroyale.com,Games & Comics
Comic Vine,Comics,,True,unknown,https://comicvine.gamespot.com/api/documentation,Games & Comics
Deck of Cards,Deck of Cards,,False,unknown,http://deckofcardsapi.com/,Games & Comics
Destiny The Game,Bungie Platform API,apiKey,True,unknown,https://github.com/Bungie-net/api,Games & Comics
Dota 2,"Provides information about Player stats , Match stats, Rankings for Dota 2",,True,unknown,https://docs.opendota.com/,Games & Comics
Dungeons and Dragons,"Reference for 5th edition spells, classes, monsters, and more",,False,no,http://www.dnd5eapi.co/,Games & Comics
Eve Online,Third-Party Developer Documentation,OAuth,True,unknown,https://esi.evetech.net/ui,Games & Comics
Final Fantasy XIV,Final Fantasy XIV Game data API,,True,yes,https://xivapi.com/,Games & Comics
Fortnite,Fortnite Stats,apiKey,True,unknown,https://fortnitetracker.com/site-api,Games & Comics
Giant Bomb,Video Games,,True,unknown,https://www.giantbomb.com/api/documentation,Games & Comics
Guild Wars 2,Guild Wars 2 Game Information,apiKey,True,unknown,https://wiki.guildwars2.com/wiki/API:Main,Games & Comics
Halo,Halo 5 and Halo Wars 2 Information,apiKey,True,unknown,https://developer.haloapi.com/,Games & Comics
Hearthstone,Hearthstone Cards Information,X-Mashape-Key,True,unknown,http://hearthstoneapi.com/,Games & Comics
Hypixel,Hypixel player stats,apiKey,True,unknown,https://api.hypixel.net/,Games & Comics
IGDB.com,Video Game Database,apiKey,True,unknown,https://api.igdb.com/,Games & Comics
JokeAPI,"Programming, Miscellaneous and Dark Jokes",,True,yes,https://sv443.net/jokeapi,Games & Comics
Jokes,Programming and general jokes,,True,unknown,https://github.com/15Dkatz/official_joke_api,Games & Comics
Jservice,Jeopardy Question Database,,False,unknown,http://jservice.io,Games & Comics
Magic The Gathering,Magic The Gathering Game Information,,False,unknown,http://magicthegathering.io/,Games & Comics
Marvel,Marvel Comics,apiKey,False,unknown,http://developer.marvel.com,Games & Comics
mod.io,Cross Platform Mod API,apiKey,True,unknown,https://docs.mod.io,Games & Comics
Open Trivia,Trivia Questions,,True,unknown,https://opentdb.com/api_config.php,Games & Comics
PandaScore,E-sports games and results,apiKey,True,unknown,https://pandascore.co,Games & Comics
PlayerUnknown's Battlegrounds,PUBG Stats,apiKey,True,unknown,https://pubgtracker.com/site-api,Games & Comics
Pokéapi,Pokémon Information,,True,unknown,https://pokeapi.co,Games & Comics
Pokémon TCG,Pokémon TCG Information,,True,unknown,https://pokemontcg.io,Games & Comics
Rick and Morty,"All the Rick and Morty information, including images",,True,yes,https://rickandmortyapi.com,Games & Comics
Riot Games,League of Legends Game Information,apiKey,True,unknown,https://developer.riotgames.com/,Games & Comics
Scryfall,Magic: The Gathering database,,True,yes,https://scryfall.com/docs/api,Games & Comics
Steam,Steam Client Interaction,OAuth,True,unknown,https://developer.valvesoftware.com/wiki/Steam_Web_API,Games & Comics
SuperHeroes,All SuperHeroes and Villains data from all universes under a single API,apiKey,True,unknown,https://superheroapi.com,Games & Comics
Tronald Dump,The dumbest things Donald Trump has ever said,,True,unknown,https://www.tronalddump.io/,Games & Comics
Wargaming.net,Wargaming.net info and stats,apiKey,True,no,https://developers.wargaming.net/,Games & Comics
xkcd,Retrieve xkcd comics as JSON,,True,no,https://xkcd.com/json.html,Games & Comics
adresse.data.gouv.fr,"Address database of France, geocoding and reverse",,True,unknown,https://adresse.data.gouv.fr,Geocoding
Battuta,A (country/region/city) in-cascade location API,apiKey,False,unknown,http://battuta.medunes.net,Geocoding
Bing Maps,Create/customize digital maps based on Bing Maps data,apiKey,True,unknown,https://www.microsoft.com/maps/,Geocoding
bng2latlong,Convert British OSGB36 easting and northing (British National Grid) to WGS84 latitude and longitude,,True,yes,https://www.getthedata.com/bng2latlong,Geocoding
CitySDK,Open APIs for select European cities,,True,unknown,http://www.citysdk.eu/citysdk-toolkit/,Geocoding
Daum Maps,Daum Maps provide multiple APIs for Korean maps,apiKey,False,unknown,http://apis.map.daum.net/,Geocoding
FreeGeoIP,"Free geo ip information, no registration required. 15k/hour rate limit",,True,yes,https://freegeoip.app/,Geocoding
GeoApi,French geographical data,,True,unknown,https://api.gouv.fr/api/geoapi.html,Geocoding
Geocod.io,Address geocoding / reverse geocoding in bulk,apiKey,True,unknown,https://www.geocod.io/,Geocoding
Geocode.xyz,"Provides worldwide forward/reverse geocoding, batch geocoding and geoparsing",,True,unknown,https://geocode.xyz/,Geocoding
GeoDataSource,Geocoding of city name by using latitude and longitude coordinates,apiKey,True,unknown,https://www.geodatasource.com/web-service,Geocoding
GeoJS,IP geolocation with ChatOps integration,,True,yes,https://geojs.io/,Geocoding
GeoNames,Place names and other geographical data,,False,unknown,http://www.geonames.org/export/web-services.html,Geocoding
geoPlugin,IP geolocation and currency conversion,,True,yes,https://www.geoplugin.com,Geocoding
Google Earth Engine,A cloud-based platform for planetary-scale environmental data analysis,apiKey,True,unknown,https://developers.google.com/earth-engine/,Geocoding
Google Maps,Create/customize digital maps based on Google Maps data,apiKey,True,unknown,https://developers.google.com/maps/,Geocoding
HelloSalut,Get hello translation following user language,,True,unknown,https://www.fourtonfish.com/hellosalut/hello/,Geocoding
HERE Maps,Create/customize digital maps based on HERE Maps data,apiKey,True,unknown,https://developer.here.com,Geocoding
Indian Cities,Get all Indian cities in a clean JSON Format,,True,yes,https://indian-cities-api-nocbegfhqg.now.sh/,Geocoding
IP 2 Country,Map an IP to a country,,True,unknown,https://ip2country.info,Geocoding
IP Address Details,Find geolocation with ip address,,True,unknown,https://ipinfo.io/,Geocoding
IP Location,Find location with ip address,,False,unknown,http://ip-api.com/,Geocoding
IP Location,Find IP address location information,,True,unknown,https://ipapi.co/,Geocoding
IP Sidekick,Geolocation API that returns extra information about an IP address,apiKey,True,unknown,https://ipsidekick.com,Geocoding
IP Vigilante,Free IP Geolocation API,,True,unknown,https://www.ipvigilante.com/,Geocoding
IP2Location,IP geolocation web service to get more than 55 parameters,apiKey,True,unknown,https://www.ip2location.com/web-service/ip2location,Geocoding
IP2Proxy,Detect proxy and VPN using IP address,apiKey,True,unknown,https://www.ip2location.com/web-service/ip2proxy,Geocoding
IPGeolocationAPI.com,Locate your visitors by IP with country details,,True,yes,https://ipgeolocationapi.com/,Geocoding
IPInfoDB,"Free Geolocation tools and APIs for country, region, city and time zone lookup by IP address",apiKey,True,unknown,https://ipinfodb.com/api,Geocoding
ipstack,Locate and identify website visitors by IP address,apiKey,True,unknown,https://ipstack.com/,Geocoding
Kwelo Network,Locate and get detailed information on IP address,,True,yes,https://www.kwelo.com/network/ip-address,Geocoding
LocationIQ,Provides forward/reverse geocoding and batch geocoding,apiKey,True,yes,https://locationiq.org/docs/,Geocoding
Mapbox,Create/customize beautiful digital maps,apiKey,True,unknown,https://www.mapbox.com/developers/,Geocoding
Mexico,Mexico RESTful zip codes API,,True,unknown,https://github.com/IcaliaLabs/sepomex,Geocoding
"One Map, Singapore",Singapore Land Authority REST API services for Singapore addresses,apiKey,True,unknown,https://docs.onemap.sg/,Geocoding
OnWater,Determine if a lat/lon is on water or land,,True,unknown,https://onwater.io/,Geocoding
OpenCage,Forward and reverse geocoding using open data,apiKey,True,yes,https://opencagedata.com,Geocoding
OpenStreetMap,"Navigation, geolocation and geographical data",OAuth,False,unknown,http://wiki.openstreetmap.org/wiki/API,Geocoding
PostcodeData.nl,Provide geolocation data based on postcode for Dutch addresses,,False,unknown,http://api.postcodedata.nl/v1/postcode/?postcode=1211EP&streetnumber=60&ref=domeinnaam.nl&type=json,Geocoding
Postcodes.io,Postcode lookup & Geolocation for the UK,,True,yes,https://postcodes.io,Geocoding
REST Countries,Get information about countries via a RESTful API,,True,unknown,https://restcountries.eu,Geocoding
Uebermaps,Discover and share maps with friends,apiKey,True,unknown,https://uebermaps.com/api/v2,Geocoding
US ZipCode,Validate and append data for any US ZipCode,apiKey,True,yes,https://smartystreets.com/docs/cloud/us-zipcode-api,Geocoding
Utah AGRC,Utah Web API for geocoding Utah addresses,apiKey,True,unknown,https://api.mapserv.utah.gov,Geocoding
ViaCep,Brazil RESTful zip codes API,,True,unknown,https://viacep.com.br,Geocoding
ZipCodeAPI,"US zip code distance, radius and location API",apiKey,True,unknown,https://www.zipcodeapi.com,Geocoding
Zippopotam,"Get information about place such as country, city, state, etc",,False,unknown,http://www.zippopotam.us,Geocoding
BCLaws,Access to the laws of British Columbia,,False,unknown,http://www.bclaws.ca/civix/template/complete/api/index.html,Government
BusinessUSA,"Authoritative information on U.S. programs, events, services and more",apiKey,True,unknown,https://business.usa.gov/developer,Government
Census.gov,The US Census Bureau provides various APIs and data sets on demographics and businesses,,True,unknown,https://www.census.gov/data/developers/data-sets.html,Government
"City, Lyon Opendata",Lyon(FR) City Open Data,apiKey,True,unknown,https://data.beta.grandlyon.com/fr/accueil,Government
"City, Nantes Opendata",Nantes(FR) City Open Data,apiKey,True,unknown,https://data.nantesmetropole.fr/pages/home/,Government
"City, Prague Opendata",Prague(CZ) City Open Data,,False,unknown,http://opendata.praha.eu/en,Government
Code.gov,The primary platform for Open Source and code sharing for the U.S. Federal Government,apiKey,True,unknown,https://code.gov,Government
Colorado Data Engine,Formatted and geolocated Colorado public data,,True,unknown,http://codataengine.org/,Government
Colorado Information Marketplace,Colorado State Government Open Data,,True,unknown,https://data.colorado.gov/,Government
Data USA,US Public Data,,True,unknown,https://datausa.io/about/api/,Government
Data.gov,US Government Data,apiKey,True,unknown,https://api.data.gov/,Government
Data.parliament.uk,"Contains live datasets including information about petitions, bills, MP votes, attendance and more",,False,unknown,http://www.data.parliament.uk/developers/,Government
District of Columbia Open Data,"Contains D.C. government public datasets, including crime, GIS, financial data, and so on",,True,unknown,http://opendata.dc.gov/pages/using-apis,Government
EPA,Web services and data sets from the US Environmental Protection Agency,,True,unknown,https://developer.epa.gov/category/apis/,Government
FEC,Information on campaign donations in federal elections,apiKey,True,unknown,https://api.open.fec.gov/developers/,Government
Federal Register,The Daily Journal of the United States Government,,True,unknown,https://www.federalregister.gov/reader-aids/developer-resources,Government
Food Standards Agency,UK food hygiene rating data API,,False,unknown,http://ratings.food.gov.uk/open-data/en-GB,Government
"Open Government, Australia",Australian Government Open Data,,True,unknown,https://www.data.gov.au/,Government
"Open Government, Belgium",Belgium Government Open Data,,True,unknown,https://data.gov.be/,Government
"Open Government, Canada",Canadian Government Open Data,,False,unknown,http://open.canada.ca/en,Government
"Open Government, France",French Government Open Data,apiKey,True,unknown,https://www.data.gouv.fr/,Government
"Open Government, India",Indian Government Open Data,apiKey,True,unknown,https://data.gov.in/,Government
"Open Government, Italy",Italy Government Open Data,,True,unknown,https://www.dati.gov.it/,Government
"Open Government, New Zealand",New Zealand Government Open Data,,True,unknown,https://www.data.govt.nz/,Government
"Open Government, Romania",Romania Government Open Data,,False,unknown,http://data.gov.ro/,Government
"Open Government, Taiwan",Taiwan Government Open Data,,True,unknown,https://data.gov.tw/,Government
"Open Government, USA",United States Government Open Data,,True,unknown,https://www.data.gov/,Government
Regulations.gov,Federal regulatory materials to increase understanding of the Federal rule making process,apiKey,True,unknown,https://regulationsgov.github.io/developers/,Government
Represent by Open North,Find Canadian Government Representatives,,True,unknown,https://represent.opennorth.ca/,Government
USAspending.gov,US federal spending data,,True,unknown,https://api.usaspending.gov/,Government
BetterDoctor,Detailed information about doctors in your area,apiKey,True,unknown,https://developer.betterdoctor.com/,Health
Covid-19,"Covid 19 spread, infection and recovery",,True,yes,https://covid19api.com/,Health
Diabetes,Logging and retrieving diabetes information,,False,unknown,http://predictbgl.com/api/,Health
Flutrack,Influenza-like symptoms with geotracking,,False,unknown,http://www.flutrack.org/,Health
Healthcare.gov,Educational content about the US Health Insurance Marketplace,,True,unknown,https://www.healthcare.gov/developers/,Health
Lexigram,"NLP that extracts mentions of clinical concepts from text, gives access to clinical ontology",apiKey,True,unknown,https://docs.lexigram.io/v1/welcome,Health
Makeup,Makeup Information,,False,unknown,http://makeup-api.herokuapp.com/,Health
Medicare,Access to the data from the CMS - medicare.gov,,True,unknown,https://data.medicare.gov/developers,Health
NPPES,"National Plan & Provider Enumeration System, info on healthcare providers registered in US",,True,unknown,https://npiregistry.cms.hhs.gov/registry/help-api,Health
Nutritionix,Worlds largest verified nutrition database,apiKey,True,unknown,https://developer.nutritionix.com/,Health
openFDA,"Public FDA data about drugs, devices and foods",,True,unknown,https://open.fda.gov,Health
USDA Nutrients,National Nutrient Database for Standard Reference,apiKey,True,unknown,https://fdc.nal.usda.gov/,Health
Adzuna,Job board aggregator,apiKey,True,unknown,https://developer.adzuna.com/overview,Jobs
Careerjet,Job search engine,apiKey,False,unknown,https://www.careerjet.com/partners/api/,Jobs
Github Jobs,Jobs for software developers,,True,yes,https://jobs.github.com/api,Jobs
GraphQL Jobs,Jobs with GraphQL,,True,yes,https://api.graphql.jobs,Jobs
Indeed,Job board aggregator,apiKey,True,unknown,https://www.indeed.com/publisher,Jobs
Jobs2Careers,Job aggregator,apiKey,True,unknown,http://api.jobs2careers.com/api/spec.pdf,Jobs
Jooble,Job search engine,apiKey,True,unknown,https://us.jooble.org/api/about,Jobs
Juju,Job search engine,apiKey,False,unknown,http://www.juju.com/publisher/spec/,Jobs
Open Skills,"Job titles, skills and related jobs data",,False,unknown,https://github.com/workforce-data-initiative/skills-api/wiki/API-Overview,Jobs
Reed,Job board aggregator,apiKey,True,unknown,https://www.reed.co.uk/developers,Jobs
The Muse,Job board and company profiles,apiKey,True,unknown,https://www.themuse.com/developers/api/v2,Jobs
Upwork,Freelance job board and management system,OAuth,True,unknown,https://developers.upwork.com/,Jobs
USAJOBS,US government job board,apiKey,True,unknown,https://developer.usajobs.gov/,Jobs
ZipRecruiter,Job search app and website,apiKey,True,unknown,https://www.ziprecruiter.com/publishers,Jobs
Clarifai,Computer Vision,OAuth,True,unknown,https://developer.clarifai.com/,Machine Learning
Cloudmersive,"Image captioning, face recognition, NSFW classification",apiKey,True,yes,https://www.cloudmersive.com/image-recognition-and-processing-api,Machine Learning
Deepcode,AI for code review,,True,unknown,https://www.deepcode.ai/docs/Overview%252FOverview,Machine Learning
Dialogflow,Natural Language Processing,apiKey,True,unknown,https://dialogflow.com,Machine Learning
Keen IO,Data Analytics,apiKey,True,unknown,https://keen.io/,Machine Learning
Time Door,A time series analysis API,apiKey,True,yes,https://timedoor.io,Machine Learning
Unplugg,Forecasting API for timeseries data,apiKey,True,unknown,https://unplu.gg/test_api.html,Machine Learning
Wit.ai,Natural Language Processing,OAuth,True,unknown,https://wit.ai/,Machine Learning
AI Mastering,Automated Music Mastering,apiKey,True,yes,https://aimastering.com/api_docs/,Music
Bandsintown,Music Events,,True,unknown,https://app.swaggerhub.com/apis/Bandsintown/PublicAPI/3.0.0,Music
Deezer,Music,OAuth,True,unknown,https://developers.deezer.com/api,Music
Discogs,Music,OAuth,True,unknown,https://www.discogs.com/developers/,Music
Genius,Crowdsourced lyrics and music knowledge,OAuth,True,unknown,https://docs.genius.com/,Music
Genrenator,Music genre generator,,True,unknown,https://binaryjazz.us/genrenator-api/,Music
iTunes Search,Software products,,True,unknown,https://affiliate.itunes.apple.com/resources/documentation/itunes-store-web-service-search-api/,Music
Jamendo,Music,OAuth,True,unknown,https://developer.jamendo.com/v3.0/docs,Music
KKBOX,"Get music libraries, playlists, charts, and perform out of KKBOX's platform",OAuth,True,unknown,https://developer.kkbox.com,Music
LastFm,Music,apiKey,True,unknown,https://www.last.fm/api,Music
Lyrics.ovh,Simple API to retrieve the lyrics of a song,,True,unknown,http://docs.lyricsovh.apiary.io/,Music
Mixcloud,Music,OAuth,True,yes,https://www.mixcloud.com/developers/,Music
MusicBrainz,Music,,True,unknown,https://musicbrainz.org/doc/Development/XML_Web_Service/Version_2,Music
Musixmatch,Music,apiKey,True,unknown,https://developer.musixmatch.com/,Music
Openwhyd,"Download curated playlists of streaming tracks (YouTube, SoundCloud, etc...)",No,True,no,https://openwhyd.github.io/openwhyd/API,Music
SearchLy,Similarities search based on song lyrics,,True,unknown,https://searchly.asuarez.dev/docs/v1,Music
Songkick,Music Events,OAuth,True,unknown,https://www.songkick.com/developer/,Music
Songsterr,"Provides guitar, bass and drums tabs and chords",,True,unknown,https://www.songsterr.com/a/wa/api/,Music
SoundCloud,Allow users to upload and share sounds,OAuth,True,unknown,https://developers.soundcloud.com/,Music
Spotify,"View Spotify music catalog, manage users' libraries, get recommendations and more",OAuth,True,unknown,https://beta.developer.spotify.com/documentation/web-api/,Music
TasteDive,Similar artist API (also works for movies and TV shows),apiKey,True,unknown,https://tastedive.com/read/api,Music
TheAudioDB,Music,apiKey,True,unknown,https://www.theaudiodb.com/api_guide.php,Music
Vagalume,Crowdsourced lyrics and music knowledge,apiKey,True,unknown,https://api.vagalume.com.br/docs/,Music
Associated Press,Search for news and metadata from Associated Press,apiKey,True,unknown,https://developer.ap.org/,News
Chronicling America,Provides access to millions of pages of historic US newspapers from the Library of Congress,,False,unknown,http://chroniclingamerica.loc.gov/about/api/,News
Currents,"Latest news published in various news sources, blogs and forums",apiKey,True,yes,https://currentsapi.services/,News
Feedbin,RSS reader,OAuth,True,unknown,https://github.com/feedbin/feedbin-api,News
New York Times,Provides news,apiKey,True,unknown,https://developer.nytimes.com/,News
News,Headlines currently published on a range of news sources and blogs,apiKey,True,unknown,https://newsapi.org/,News
NPR One,Personalized news listening experience from NPR,OAuth,True,unknown,http://dev.npr.org/api/,News
The Guardian,"Access all the content the Guardian creates, categorised by tags and section",apiKey,True,unknown,http://open-platform.theguardian.com/,News
The Old Reader,RSS reader,apiKey,True,unknown,https://github.com/theoldreader/api,News
18F,Unofficial US Federal Government API Development,,False,unknown,http://18f.github.io/API-All-the-X/,Open Data
Archive.org,The Internet Archive,,True,unknown,https://archive.readme.io/docs,Open Data
ARSAT,ARSAT public data,apiKey,True,unknown,https://datos.arsat.com.ar/developers/,Open Data
Callook.info,United States ham radio callsigns,,True,unknown,https://callook.info,Open Data
CARTO,Location Information Prediction,apiKey,True,unknown,https://carto.com/,Open Data
CivicFeed,News articles and public datasets,apiKey,True,unknown,https://developers.civicfeed.com/,Open Data
Enigma Public,Broadest collection of public data,apiKey,True,yes,http://docs.enigma.com/public/public_v20_api_about,Open Data
fonoApi,Mobile Device Description,,True,unknown,https://fonoapi.freshpixl.com/,Open Data
French Address Search,Address search via the French Government,,True,unknown,https://geo.api.gouv.fr/adresse,Open Data
LinkPreview,"Get JSON formatted summary with title, description and preview image for any requested URL",apiKey,True,yes,https://www.linkpreview.net,Open Data
Marijuana Strains,"Marijuana strains, races, flavors and effects",apiKey,False,unknown,http://strains.evanbusse.com/,Open Data
Microlink.io,Extract structured data from any website,,True,yes,https://microlink.io,Open Data
OpenCorporates,Data on corporate entities and directors in many countries,apiKey,True,unknown,http://api.opencorporates.com/documentation/API-Reference,Open Data
Quandl,Stock Market Data,,True,unknown,https://www.quandl.com/,Open Data
Recreation Information Database,"Recreational areas, federal lands, historic sites, museums, and other attractions/resources(US)",apiKey,True,unknown,https://ridb.recreation.gov/,Open Data
Scoop.it,Content Curation Service,apiKey,False,unknown,http://www.scoop.it/dev,Open Data
Teleport,Quality of Life Data,,True,unknown,https://developers.teleport.org/,Open Data
Universities List,"University names, countries and domains",,True,unknown,https://github.com/Hipo/university-domains-list,Open Data
University of Oslo,"Courses, lecture videos, detailed information for courses etc. for the University of Oslo (Norway)",,True,unknown,https://data.uio.no/,Open Data
UPC database,More than 1.5 million barcode numbers from all around the world,apiKey,True,unknown,https://upcdatabase.org/api,Open Data
Wikidata,Collaboratively edited knowledge base operated by the Wikimedia Foundation,OAuth,True,unknown,https://www.wikidata.org/w/api.php?action=help,Open Data
Wikipedia,Mediawiki Encyclopedia,,True,unknown,https://www.mediawiki.org/wiki/API:Main_page,Open Data
Yelp,Find Local Business,OAuth,True,unknown,https://www.yelp.com/developers/documentation/v3,Open Data
Countly,Countly web analytics,,False,unknown,https://api.count.ly/reference,Open Source Projects
Drupal.org,Drupal.org,,True,unknown,https://www.drupal.org/drupalorg/docs/api,Open Source Projects
Evil Insult Generator,Evil Insults,,True,yes,https://evilinsult.com/api,Open Source Projects
Libraries.io,Open source software libraries,apiKey,True,unknown,https://libraries.io/api,Open Source Projects
EPO,European patent search system api,OAuth,True,unknown,https://developers.epo.org/,Patent
TIPO,Taiwan patent search system api,apiKey,True,unknown,https://tiponet.tipo.gov.tw/Gazette/OpenData/OD/OD05.aspx?QryDS=API00,Patent
USPTO,USA patent api services,,True,unknown,https://www.uspto.gov/learning-and-resources/open-data-and-mobility,Patent
Advice Slip,Generate random advice slips,,True,unknown,http://api.adviceslip.com/,Personality
chucknorris.io,JSON API for hand curated Chuck Norris jokes,,True,unknown,https://api.chucknorris.io,Personality
FavQs.com,"FavQs allows you to collect, discover and share your favorite quotes",apiKey,True,unknown,https://favqs.com/api,Personality
FOAAS,Fuck Off As A Service,,False,unknown,http://www.foaas.com/,Personality
Forismatic,Inspirational Quotes,,False,unknown,http://forismatic.com/en/api/,Personality
icanhazdadjoke,The largest selection of dad jokes on the internet,,True,unknown,https://icanhazdadjoke.com/api,Personality
kanye.rest,REST API for random Kanye West quotes,,True,yes,https://kanye.rest,Personality
Medium,Community of readers and writers offering unique perspectives on ideas,OAuth,True,unknown,https://github.com/Medium/medium-api-docs,Personality
NaMoMemes,Memes on Narendra Modi,,True,unknown,https://github.com/theIYD/NaMoMemes,Personality
Programming Quotes,Programming Quotes API for open source projects,,True,unknown,https://github.com/skolakoda/programming-quotes-api,Personality
Quote Garden,REST API for more than 5000 famous quotes,,True,unknown,https://pprathameshmore.github.io/QuoteGarden/,Personality
Quotes on Design,Inspirational Quotes,,True,unknown,https://quotesondesign.com/api/,Personality
Traitify,"Assess, collect and analyze Personality",,True,unknown,https://app.traitify.com/developer,Personality
tronalddump.io,Api & web archive for the things Donald Trump has said,,True,unknown,https://www.tronalddump.io,Personality
Flickr,Flickr Services,OAuth,True,unknown,https://www.flickr.com/services/api/,Photography
Getty Images,Build applications using the world's most powerful imagery,OAuth,True,unknown,http://developers.gettyimages.com/en/,Photography
Gfycat,Jiffier GIFs,OAuth,True,unknown,https://developers.gfycat.com/api/,Photography
Giphy,Get all your gifs,apiKey,True,unknown,https://developers.giphy.com/docs/,Photography
Gyazo,Upload images,apiKey,True,unknown,https://gyazo.com/api/docs,Photography
Imgur,Images,OAuth,True,unknown,https://apidocs.imgur.com/,Photography
Lorem Picsum,Images from Unsplash,,True,unknown,https://picsum.photos/,Photography
Pexels,Free Stock Photos and Videos,apiKey,True,yes,https://www.pexels.com/api/,Photography
Pixabay,Photography,apiKey,True,unknown,https://pixabay.com/sk/service/about/api/,Photography
PlaceKitten,Resizable kitten placeholder images,,True,unknown,https://placekitten.com/,Photography
ScreenShotLayer,URL 2 Image,,True,unknown,https://screenshotlayer.com,Photography
Unsplash,Photography,OAuth,True,unknown,https://unsplash.com/developers,Photography
Wallhaven,Wallpapers,apiKey,True,unknown,https://wallhaven.cc/help/api,Photography
arcsecond.io,Multiple astronomy data sources,,True,unknown,https://api.arcsecond.io/,Science & Math
CORE,Access the world's Open Access research papers,apiKey,True,unknown,https://core.ac.uk/services#api,Science & Math
GBIF,Global Biodiversity Information Facility,,True,yes,http://api.gbif.org/v1/,Science & Math
iDigBio,Access millions of museum specimens from organizations around the world,,True,unknown,https://github.com/idigbio/idigbio-search-api/wiki,Science & Math
inspirehep.net,High Energy Physics info. system,,True,unknown,https://inspirehep.net/info/hep/api?ln=en,Science & Math
ITIS,Integrated Taxonomic Information System,,True,unknown,https://www.itis.gov/ws_description.html,Science & Math
Launch Library,Upcoming Space Launches,,True,unknown,https://launchlibrary.net/docs/1.3/api.html,Science & Math
Minor Planet Center,Asterank.com Information,,False,unknown,http://www.asterank.com/mpc,Science & Math
NASA,"NASA data, including imagery",,True,unknown,https://api.nasa.gov,Science & Math
NASA APOD (unofficial API),API for getting APOD (Astronomy Image of the Day) images along with metadata,,True,yes,https://apodapi.herokuapp.com/,Science & Math
Newton,Symbolic and Arithmetic Math Calculator,,True,unknown,https://newton.now.sh/,Science & Math
Numbers,Facts about numbers,,False,unknown,http://numbersapi.com,Science & Math
Open Notify,"ISS astronauts, current location, etc",,False,unknown,http://open-notify.org/Open-Notify-API/,Science & Math
Open Science Framework,"Repository and archive for study designs, research materials, data, manuscripts, etc",,True,unknown,https://developer.osf.io,Science & Math
SHARE,"A free, open, dataset about research and scholarly activities",,True,unknown,https://share.osf.io/api/v2/,Science & Math
SpaceX,"Company, vehicle, launchpad and launch data",,True,unknown,https://github.com/r-spacex/SpaceX-API,Science & Math
Sunrise and Sunset,Sunset and sunrise times for a given latitude and longitude,,True,unknown,https://sunrise-sunset.org/api,Science & Math
Trefle,Botanical data for plant species,apiKey,True,unknown,https://trefle.io/,Science & Math
USGS Earthquake Hazards Program,Earthquakes data real-time,,True,unknown,https://earthquake.usgs.gov/fdsnws/event/1/,Science & Math
USGS Water Services,Water quality and level info for rivers and lakes,,True,unknown,https://waterservices.usgs.gov/,Science & Math
World Bank,World Data,,False,unknown,https://datahelpdesk.worldbank.org/knowledgebase/topics/125589,Science & Math
Censys.io,Search engine for Internet connected host and devices,apiKey,True,no,https://censys.io/api,Security
CRXcavator,Chrome extension risk scoring,apiKey,True,unknown,https://crxcavator.io/apidocs,Security
FilterLists,Lists of filters for adblockers and firewalls,,True,unknown,https://filterlists.com,Security
FraudLabs Pro,Screen order information using AI to detect frauds,apiKey,True,unknown,https://www.fraudlabspro.com/developer/api/screen-order,Security
HaveIBeenPwned,Passwords which have previously been exposed in data breaches,apiKey,True,unknown,https://haveibeenpwned.com/API/v3,Security
National Vulnerability Database,U.S. National Vulnerability Database,,True,unknown,https://nvd.nist.gov/vuln/Data-Feeds/JSON-feed-changelog,Security
SecurityTrails,Domain and IP related information such as current and historical WHOIS and DNS records,apiKey,True,unknown,https://securitytrails.com/corp/apidocs,Security
Shodan,Search engine for Internet connected devices,apiKey,True,unknown,https://developer.shodan.io/,Security
UK Police,UK Police data,,True,unknown,https://data.police.uk/docs/,Security
Best Buy,"Products, Buying Options, Categories, Recommendations, Stores and Commerce",apiKey,True,unknown,https://bestbuyapis.github.io/api-documentation/#overview,Shopping
Bratabase,Database of different types of Bra Sizes,OAuth,True,unknown,https://developers.bratabase.com/,Shopping
eBay,Sell and Buy on eBay,OAuth,True,unknown,https://go.developer.ebay.com/,Shopping
Wal-Mart,Item price and availability,apiKey,True,unknown,https://developer.walmartlabs.com/docs,Shopping
Wegmans,Wegmans Food Markets,apiKey,True,unknown,https://dev.wegmans.io,Shopping
Buffer,Access to pending and sent updates in Buffer,OAuth,True,unknown,https://buffer.com/developers/api,Social
Cisco Spark,Team Collaboration Software,OAuth,True,unknown,https://developer.ciscospark.com,Social
Discord,"Make bots for Discord, integrate Discord onto an external platform",OAuth,True,unknown,https://discordapp.com/developers/docs/intro,Social
Disqus,Communicate with Disqus data,OAuth,True,unknown,https://disqus.com/api/docs/auth/,Social
Facebook,"Facebook Login, Share on FB, Social Plugins, Analytics and more",OAuth,True,unknown,https://developers.facebook.com/,Social
Foursquare,"Interact with Foursquare users and places (geolocation-based checkins, photos, tips, events, etc)",OAuth,True,unknown,https://developer.foursquare.com/,Social
Fuck Off as a Service,Asks someone to fuck off,,True,unknown,https://www.foaas.com,Social
Full Contact,Get Social Media profiles and contact Information,OAuth,True,unknown,https://www.fullcontact.com/developer/docs/,Social
HackerNews,Social news for CS and entrepreneurship,,True,unknown,https://github.com/HackerNews/API,Social
Instagram,"Instagram Login, Share on Instagram, Social Plugins and more",OAuth,True,unknown,https://www.instagram.com/developer/,Social
LinkedIn,The foundation of all digital integrations with LinkedIn,OAuth,True,unknown,https://developer.linkedin.com/docs/rest-api,Social
Meetup.com,Data about Meetups from Meetup.com,apiKey,True,unknown,https://www.meetup.com/meetup_api/,Social
Mixer,Game Streaming API,OAuth,True,unknown,https://dev.mixer.com/,Social
MySocialApp,"Seamless Social Networking features, API, SDK to any app",apiKey,True,unknown,https://mysocialapp.io,Social
Open Collective,Get Open Collective data,,True,unknown,https://docs.opencollective.com/help/developers/api,Social
Pinterest,The world's catalog of ideas,OAuth,True,unknown,https://developers.pinterest.com/,Social
PWRTelegram bot,Boosted version of the Telegram bot API,apiKey,True,unknown,https://pwrtelegram.xyz,Social
Reddit,Homepage of the internet,OAuth,True,unknown,https://www.reddit.com/dev/api,Social
Slack,Team Instant Messaging,OAuth,True,unknown,https://api.slack.com/,Social
Telegram Bot,Simplified HTTP version of the MTProto API for bots,apiKey,True,unknown,https://core.telegram.org/bots/api,Social
Telegram MTProto,Read and write Telegram data,OAuth,True,unknown,https://core.telegram.org/api#getting-started,Social
Trash Nothing,A freecycling community with thousands of free items posted every day,OAuth,True,yes,https://trashnothing.com/developer,Social
Tumblr,Read and write Tumblr Data,OAuth,True,unknown,https://www.tumblr.com/docs/en/api/v2,Social
Twitch,Game Streaming API,OAuth,True,unknown,https://dev.twitch.tv/docs,Social
Twitter,Read and write Twitter data,OAuth,True,no,https://developer.twitter.com/en/docs,Social
vk,Read and write vk data,OAuth,True,unknown,https://vk.com/dev/sites,Social
balldontlie,Ballldontlie provides access to stats data from the NBA,,True,yes,https://balldontlie.io,Sports & Fitness
BikeWise,"Bikewise is a place to learn about and report bike crashes, hazards and thefts",,True,unknown,https://www.bikewise.org/documentation/api_v2,Sports & Fitness
Canadian Football League (CFL),"Official JSON API providing real-time league, team and player statistics about the CFL",apiKey,True,no,http://api.cfl.ca/,Sports & Fitness
City Bikes,City Bikes around the world,,False,unknown,http://api.citybik.es/v2/,Sports & Fitness
Ergast F1,F1 data from the beginning of the world championships in 1950,,True,unknown,http://ergast.com/mrd/,Sports & Fitness
Fitbit,Fitbit Information,OAuth,True,unknown,https://dev.fitbit.com/,Sports & Fitness
Football (Soccer) Videos,"Embed codes for goals and highlights from Premier League, Bundesliga, Serie A and many more",,True,yes,https://www.scorebat.com/video-api/,Sports & Fitness
Football Prediction,"Predictions for upcoming football matches, odds, results and stats",X-Mashape-Key,True,unknown,https://boggio-analytics.com/fp-api/,Sports & Fitness
Football-Data.org,Football Data,,False,unknown,http://api.football-data.org/index,Sports & Fitness
JCDecaux Bike,JCDecaux's self-service bicycles,apiKey,True,unknown,https://developer.jcdecaux.com/,Sports & Fitness
NBA Stats,Current and historical NBA Statistics,,True,unknown,https://any-api.com/nba_com/nba_com/docs/API_Description,Sports & Fitness
NFL Arrests,NFL Arrest Data,,False,unknown,http://nflarrest.com/api/,Sports & Fitness
NHL Records and Stats,NHL historical data and statistics,,True,unknown,https://gitlab.com/dword4/nhlapi,Sports & Fitness
Strava,"Connect with athletes, activities and more",OAuth,True,unknown,https://strava.github.io/api/,Sports & Fitness
SuredBits,"Query sports data, including teams, players, games, scores and statistics",,False,no,https://suredbits.com/api/,Sports & Fitness
TheSportsDB,Crowd-Sourced Sports Data and Artwork,apiKey,True,yes,https://www.thesportsdb.com/api.php,Sports & Fitness
Wger,"Workout manager data as exercises, muscles or equipment",apiKey,True,unknown,https://wger.de/en/software/api,Sports & Fitness
Adorable Avatars,Generate random cartoon avatars,,True,unknown,http://avatars.adorable.io,Test Data
Bacon Ipsum,A Meatier Lorem Ipsum Generator,,True,unknown,https://baconipsum.com/json-api/,Test Data
Dicebear Avatars,Generate random pixel-art avatars,,True,no,https://avatars.dicebear.com/,Test Data
FakeJSON,Service to generate test and fake data,apiKey,True,yes,https://fakejson.com,Test Data
Identicon,Generates abstract avatar image,,True,yes,https://www.kwelo.com/media/identicon/,Test Data
JSONPlaceholder,Fake data for testing and prototyping,,False,unknown,http://jsonplaceholder.typicode.com/,Test Data
Loripsum,"The ""lorem ipsum"" generator that doesn't suck",,False,unknown,http://loripsum.net/,Test Data
PIPL,Free and public API that generates random and fake people's data in JSON,,True,no,https://pipl.ir/,Test Data
RandomUser,Generates random user data,,True,unknown,https://randomuser.me,Test Data
RoboHash,Generate random robot/alien avatars,,True,unknown,https://robohash.org/,Test Data
This Person Does not Exist,Generates real-life faces of people who do not exist,,True,unknown,https://thispersondoesnotexist.com,Test Data
UI Names,Generate random fake names,,True,unknown,https://github.com/thm/uinames,Test Data
Yes No,Generate yes or no randomly,,True,unknown,https://yesno.wtf/api,Test Data
Aylien Text Analysis,A collection of information retrieval and natural language APIs,apiKey,True,unknown,http://docs.aylien.com/,Text Analysis
Cloudmersive Natural Language Processing,Natural language processing and text analysis,apiKey,True,yes,https://www.cloudmersive.com/nlp-api,Text Analysis
Detect Language,Detects text language,apiKey,True,unknown,https://detectlanguage.com/,Text Analysis
Google Cloud Natural,"Natural language understanding technology, including sentiment, entity and syntax analysis",apiKey,True,unknown,https://cloud.google.com/natural-language/docs/,Text Analysis
Semantira,"Text Analytics with sentiment analysis, categorization & named entity extraction",OAuth,True,unknown,https://semantria.readme.io/docs,Text Analysis
Watson Natural Language Understanding,Natural language processing for advanced text analysis,OAuth,True,unknown,https://cloud.ibm.com/apidocs/natural-language-understanding/natural-language-understanding,Text Analysis
Postmon,"An API to query Brazilian ZIP codes and orders easily, quickly and free",,False,unknown,http://postmon.com.br,Tracking
Sweden,Provides information about parcels in transport,apiKey,False,unknown,https://developer.postnord.com/docs2,Tracking
UPS,Shipment and Address information,apiKey,True,unknown,https://www.ups.com/upsdeveloperkit,Tracking
WhatPulse,Small application that measures your keyboard/mouse usage,,True,unknown,https://whatpulse.org/pages/webapi/,Tracking
ADS-B Exchange,Access real-time and historical data of any and all airborne aircraft,,True,unknown,https://www.adsbexchange.com/data/,Transportation
AIS Hub,Real-time data of any marine and inland vessel equipped with AIS tracking system,apiKey,False,unknown,http://www.aishub.net/api,Transportation
AIS Web,Aeronautical information in digital media produced by the Department of Airspace Control (DECEA),apiKey,False,unknown,http://www.aisweb.aer.mil.br/api/doc/index.cfm,Transportation
Amadeus Travel Innovation Sandbox,Travel Search - Limited usage,apiKey,True,unknown,https://sandbox.amadeus.com/,Transportation
Bay Area Rapid Transit,Stations and predicted arrivals for BART,apiKey,False,unknown,http://api.bart.gov,Transportation
BlaBlaCar,Search car sharing trips,apiKey,True,unknown,https://dev.blablacar.com,Transportation
Community Transit,Transitland API,,True,unknown,https://github.com/transitland/transitland-datastore/blob/master/README.md#api-endpoints,Transportation
Goibibo,API for travel search,apiKey,True,unknown,https://developer.goibibo.com/docs,Transportation
GraphHopper,A-to-B routing with turn-by-turn instructions,apiKey,True,unknown,https://graphhopper.com/api/1/docs/,Transportation
Icelandic APIs,Open APIs that deliver services in or regarding Iceland,,True,unknown,http://docs.apis.is/,Transportation
Indian Railways,Indian Railways Information,apiKey,False,unknown,http://api.erail.in/,Transportation
Izi,Audio guide for travellers,apiKey,True,unknown,http://api-docs.izi.travel/,Transportation
Metro Lisboa,Delays in subway lines,,False,no,http://app.metrolisboa.pt/status/getLinhas.php,Transportation
Navitia,The open API for building cool stuff with transport data,apiKey,True,unknown,https://api.navitia.io/,Transportation
REFUGE Restrooms,"Provides safe restroom access for transgender, intersex and gender nonconforming individuals",,True,unknown,https://www.refugerestrooms.org/api/docs/#!/restrooms,Transportation
Schiphol Airport,Schiphol,apiKey,True,unknown,https://developer.schiphol.nl/,Transportation
TransitLand,Transit Aggregation,,True,unknown,https://transit.land/documentation/datastore/api-endpoints.html,Transportation
"Transport for Atlanta, US",Marta,,False,unknown,http://www.itsmarta.com/app-developer-resources.aspx,Transportation
"Transport for Auckland, New Zealand",Auckland Transport,,True,unknown,https://api.at.govt.nz/,Transportation
Transport for Belgium,Belgian transport API,,True,unknown,https://hello.irail.be/api/,Transportation
"Transport for Berlin, Germany",Third-party VBB API,,True,unknown,https://github.com/derhuerst/vbb-rest/blob/3/docs/index.md,Transportation
"Transport for Bordeaux, France",Bordeaux Métropole public transport and more (France),apiKey,True,unknown,https://opendata.bordeaux-metropole.fr/explore/,Transportation
"Transport for Boston, US",MBTA API,,False,unknown,https://mbta.com/developers/v3-api,Transportation
"Transport for Budapest, Hungary",Budapest public transport API,,True,unknown,https://bkkfutar.docs.apiary.io,Transportation
"Transport for Chicago, US",CTA,,False,unknown,http://www.transitchicago.com/developers/,Transportation
Transport for Czech Republic,Czech transport API,,True,unknown,https://www.chaps.cz/eng/products/idos-internet,Transportation
"Transport for Denver, US",RTD,,False,unknown,http://www.rtd-denver.com/gtfs-developer-guide.shtml,Transportation
Transport for Finland,Finnish transport API,,True,unknown,https://digitransit.fi/en/developers/ ,Transportation
Transport for Germany,Deutsche Bahn (DB) API,apiKey,False,unknown,http://data.deutschebahn.com/dataset/api-fahrplan,Transportation
"Transport for Grenoble, France",Grenoble public transport,,False,no,https://www.metromobilite.fr/pages/opendata/OpenDataApi.html,Transportation
"Transport for Honolulu, US",Honolulu Transportation Information,apiKey,False,unknown,http://hea.thebus.org/api_info.asp,Transportation
Transport for India,India Public Transport API,apiKey,True,unknown,https://data.gov.in/sector/transport,Transportation
"Transport for Lisbon, Portugal","Data about buses routes, parking and traffic",apiKey,True,unknown,https://emel.city-platform.com/opendata/,Transportation
"Transport for London, England",TfL API,,True,unknown,https://api.tfl.gov.uk,Transportation
"Transport for Manchester, England",TfGM transport network data,apiKey,True,no,https://developer.tfgm.com/,Transportation
"Transport for New York City, US",MTA,apiKey,False,unknown,http://datamine.mta.info/,Transportation
Transport for Norway,Norwegian transport API,,False,unknown,http://reisapi.ruter.no/help,Transportation
"Transport for Paris, France",Live schedules made simple,,False,unknown,http://restratpws.azurewebsites.net/swagger/,Transportation
"Transport for Paris, France",RATP Open Data API,,False,unknown,http://data.ratp.fr/api/v1/console/datasets/1.0/search/,Transportation
"Transport for Philadelphia, US",SEPTA APIs,,False,unknown,http://www3.septa.org/hackathon/,Transportation
"Transport for Sao Paulo, Brazil",SPTrans,OAuth,False,unknown,http://www.sptrans.com.br/desenvolvedores/api-do-olho-vivo-guia-de-referencia/documentacao-api/,Transportation
Transport for Sweden,Public Transport consumer,OAuth,True,unknown,https://www.trafiklab.se/api,Transportation
Transport for Switzerland,Official Swiss Public Transport Open Data,apiKey,True,unknown,https://opentransportdata.swiss/en/,Transportation
Transport for Switzerland,Swiss public transport API,,True,unknown,https://transport.opendata.ch/,Transportation
Transport for The Netherlands,"NS, only trains",apiKey,False,unknown,http://www.ns.nl/reisinformatie/ns-api,Transportation
Transport for The Netherlands,"OVAPI, country-wide public transport",,True,unknown,https://github.com/skywave/KV78Turbo-OVAPI/wiki,Transportation
"Transport for Toronto, Canada",TTC,,True,unknown,https://myttc.ca/developers,Transportation
Transport for United States,NextBus API,,False,unknown,http://www.nextbus.com/xmlFeedDocs/NextBusXMLFeed.pdf,Transportation
"Transport for Vancouver, Canada",TransLink,OAuth,True,unknown,https://developer.translink.ca/,Transportation
"Transport for Washington, US",Washington Metro transport API,OAuth,True,unknown,https://developer.wmata.com/,Transportation
Uber,Uber ride requests and price estimation,OAuth,True,yes,https://developer.uber.com/products,Transportation
WhereIsMyTransport,Platform for public transport data in emerging cities,OAuth,True,unknown,https://developer.whereismytransport.com/,Transportation
Bitly,URL shortener and link management,OAuth,True,unknown,http://dev.bitly.com/get_started.html,URL Shorteners
CleanURI,URL shortener service,No,True,yes,https://cleanuri.com/docs,URL Shorteners
ClickMeter,"Monitor, compare and optimize your marketing links",apiKey,True,unknown,https://support.clickmeter.com/hc/en-us/categories/201474986,URL Shorteners
Rebrandly,Custom URL shortener for sharing branded links,apiKey,True,unknown,https://developers.rebrandly.com/v1/docs,URL Shorteners
Relink,Free and secure URL shortener,,True,yes,https://rel.ink,URL Shorteners
Brazilian Vehicles and Prices,Vehicles information from Fundação Instituto de Pesquisas Econômicas - Fipe,,True,unknown,https://deividfortuna.github.io/fipe/,Vehicle
Kelley Blue Book,"Vehicle info, pricing, configuration, plus much more",apiKey,True,no,http://developer.kbb.com/#!/data/1-Default,Vehicle
Mercedes-Benz,"Telematics data, remotely access vehicle functions, car configurator, locate service dealers",apiKey,True,no,https://developer.mercedes-benz.com/apis,Vehicle
NHTSA,NHTSA Product Information Catalog and Vehicle Listing,,True,unknown,https://vpic.nhtsa.dot.gov/api/,Vehicle
Smartcar,Lock and unlock vehicles and get data like odometer reading and location. Works on most new cars,OAuth,True,yes,https://smartcar.com/docs/,Vehicle
An API of Ice And Fire,Game Of Thrones API,,True,unknown,https://anapioficeandfire.com/,Video
Breaking Bad,Breaking Bad API,,True,unknown,https://breakingbadapi.com/documentation,Video
Breaking Bad Quotes,Some Breaking Bad quotes,,True,unknown,https://github.com/shevabam/breaking-bad-quotes,Video
Czech Television,TV programme of Czech TV,,False,unknown,http://www.ceskatelevize.cz/xml/tv-program/,Video
Dailymotion,Dailymotion Developer API,OAuth,True,unknown,https://developer.dailymotion.com/,Video
Harry Potter,Harry Potter API,apiKey,True,yes,https://www.potterapi.com/,Video
Open Movie Database,Movie information,apiKey,True,unknown,http://www.omdbapi.com/,Video
Ron Swanson Quotes,Television,,True,unknown,https://github.com/jamesseanwright/ron-swanson-quotes#ron-swanson-quotes-api,Video
STAPI,Information on all things Star Trek,,False,no,http://stapi.co,Video
The Lord of the Rings,The Lord of the Rings API,apiKey,True,unknown,https://the-one-api.herokuapp.com/,Video
TMDb,Community-based movie data,apiKey,True,unknown,https://www.themoviedb.org/documentation/api,Video
Trakt,Movie and TV Data,apiKey,True,yes,https://trakt.tv/b/api-docs,Video
TVDB,Television data,apiKey,True,unknown,https://api.thetvdb.com/swagger,Video
TVMaze,TV Show Data,,False,unknown,http://www.tvmaze.com/api,Video
Vimeo,Vimeo Developer API,OAuth,True,unknown,https://developer.vimeo.com/,Video
YouTube,Add YouTube functionality to your sites and apps,OAuth,True,unknown,https://developers.google.com/youtube/,Video
7Timer!,"Weather, especially for Astroweather",,False,unknown,http://www.7timer.info/doc.php?lang=en,Weather
APIXU,Weather,apiKey,True,unknown,https://www.apixu.com/doc/request.aspx,Weather
MetaWeather,Weather,,True,no,https://www.metaweather.com/api/,Weather
Meteorologisk Institutt,Weather and climate data,,True,unknown,https://api.met.no/weatherapi/documentation,Weather
NOAA Climate Data,Weather and climate data,apiKey,True,unknown,https://www.ncdc.noaa.gov/cdo-web/,Weather
ODWeather,Weather and weather webcams,,False,unknown,http://api.oceandrivers.com/static/docs.html,Weather
OpenUV,Real-time UV Index Forecast,apiKey,True,unknown,https://www.openuv.io,Weather
OpenWeatherMap,Weather,apiKey,False,unknown,http://openweathermap.org/api,Weather
Storm Glass,Global marine weather from multiple sources,apiKey,True,yes,https://stormglass.io/,Weather
Weatherbit,Weather,apiKey,True,unknown,https://www.weatherbit.io/api,Weather
Yahoo! Weather,Weather,apiKey,True,unknown,https://developer.yahoo.com/weather/,Weather
